Comunidades y Ciudades Autónomas;Sectores de actividad;Tipo de indicador;Componentes del coste;Periodo;Total
01 Andalucía;Industria;Valor absoluto;Sueldos y salarios;2020;22.426,66
01 Andalucía;Industria;Valor absoluto;Sueldos y salarios;2019;23.548,70
01 Andalucía;Industria;Valor absoluto;Sueldos y salarios;2018;24.335,01
01 Andalucía;Industria;Valor absoluto;Sueldos y salarios;2017;24.393,38
01 Andalucía;Industria;Valor absoluto;Sueldos y salarios;2016;24.543,49
01 Andalucía;Industria;Valor absoluto;Sueldos y salarios;2015;24.793,16
01 Andalucía;Industria;Valor absoluto;Sueldos y salarios;2014;24.784,00
01 Andalucía;Industria;Valor absoluto;Sueldos y salarios;2013;24.336,45
01 Andalucía;Industria;Valor absoluto;Sueldos y salarios;2012;23.510,92
01 Andalucía;Industria;Valor absoluto;Sueldos y salarios;2011;23.080,87
01 Andalucía;Industria;Valor absoluto;Sueldos y salarios;2010;22.739,92
01 Andalucía;Industria;Valor absoluto;Sueldos y salarios;2009;21.719,17
01 Andalucía;Industria;Valor absoluto;Sueldos y salarios;2008;21.523,10
01 Andalucía;Construcción;Valor absoluto;Sueldos y salarios;2020;21.692,75
01 Andalucía;Construcción;Valor absoluto;Sueldos y salarios;2019;20.905,48
01 Andalucía;Construcción;Valor absoluto;Sueldos y salarios;2018;20.853,79
01 Andalucía;Construcción;Valor absoluto;Sueldos y salarios;2017;20.858,21
01 Andalucía;Construcción;Valor absoluto;Sueldos y salarios;2016;20.836,54
01 Andalucía;Construcción;Valor absoluto;Sueldos y salarios;2015;20.665,06
01 Andalucía;Construcción;Valor absoluto;Sueldos y salarios;2014;20.893,40
01 Andalucía;Construcción;Valor absoluto;Sueldos y salarios;2013;22.561,74
01 Andalucía;Construcción;Valor absoluto;Sueldos y salarios;2012;21.460,44
01 Andalucía;Construcción;Valor absoluto;Sueldos y salarios;2011;21.483,73
01 Andalucía;Construcción;Valor absoluto;Sueldos y salarios;2010;20.682,98
01 Andalucía;Construcción;Valor absoluto;Sueldos y salarios;2009;19.916,61
01 Andalucía;Construcción;Valor absoluto;Sueldos y salarios;2008;19.421,89
01 Andalucía;Servicios;Valor absoluto;Sueldos y salarios;2020;19.934,47
01 Andalucía;Servicios;Valor absoluto;Sueldos y salarios;2019;20.028,18
01 Andalucía;Servicios;Valor absoluto;Sueldos y salarios;2018;19.438,66
01 Andalucía;Servicios;Valor absoluto;Sueldos y salarios;2017;19.684,93
01 Andalucía;Servicios;Valor absoluto;Sueldos y salarios;2016;19.824,55
01 Andalucía;Servicios;Valor absoluto;Sueldos y salarios;2015;20.114,30
01 Andalucía;Servicios;Valor absoluto;Sueldos y salarios;2014;19.751,27
01 Andalucía;Servicios;Valor absoluto;Sueldos y salarios;2013;19.656,91
01 Andalucía;Servicios;Valor absoluto;Sueldos y salarios;2012;19.890,63
01 Andalucía;Servicios;Valor absoluto;Sueldos y salarios;2011;20.450,81
01 Andalucía;Servicios;Valor absoluto;Sueldos y salarios;2010;20.326,49
01 Andalucía;Servicios;Valor absoluto;Sueldos y salarios;2009;20.662,82
01 Andalucía;Servicios;Valor absoluto;Sueldos y salarios;2008;19.858,56
02 Aragón;Industria;Valor absoluto;Sueldos y salarios;2020;24.676,51
02 Aragón;Industria;Valor absoluto;Sueldos y salarios;2019;27.165,98
02 Aragón;Industria;Valor absoluto;Sueldos y salarios;2018;26.716,39
02 Aragón;Industria;Valor absoluto;Sueldos y salarios;2017;26.996,76
02 Aragón;Industria;Valor absoluto;Sueldos y salarios;2016;26.093,26
02 Aragón;Industria;Valor absoluto;Sueldos y salarios;2015;26.029,71
02 Aragón;Industria;Valor absoluto;Sueldos y salarios;2014;25.555,52
02 Aragón;Industria;Valor absoluto;Sueldos y salarios;2013;24.486,26
02 Aragón;Industria;Valor absoluto;Sueldos y salarios;2012;24.632,48
02 Aragón;Industria;Valor absoluto;Sueldos y salarios;2011;24.758,29
02 Aragón;Industria;Valor absoluto;Sueldos y salarios;2010;24.484,85
02 Aragón;Industria;Valor absoluto;Sueldos y salarios;2009;23.609,11
02 Aragón;Industria;Valor absoluto;Sueldos y salarios;2008;23.348,60
02 Aragón;Construcción;Valor absoluto;Sueldos y salarios;2020;24.143,93
02 Aragón;Construcción;Valor absoluto;Sueldos y salarios;2019;23.397,80
02 Aragón;Construcción;Valor absoluto;Sueldos y salarios;2018;23.471,18
02 Aragón;Construcción;Valor absoluto;Sueldos y salarios;2017;22.697,29
02 Aragón;Construcción;Valor absoluto;Sueldos y salarios;2016;21.057,81
02 Aragón;Construcción;Valor absoluto;Sueldos y salarios;2015;20.911,72
02 Aragón;Construcción;Valor absoluto;Sueldos y salarios;2014;21.038,19
02 Aragón;Construcción;Valor absoluto;Sueldos y salarios;2013;21.584,73
02 Aragón;Construcción;Valor absoluto;Sueldos y salarios;2012;22.532,34
02 Aragón;Construcción;Valor absoluto;Sueldos y salarios;2011;21.534,21
02 Aragón;Construcción;Valor absoluto;Sueldos y salarios;2010;21.956,13
02 Aragón;Construcción;Valor absoluto;Sueldos y salarios;2009;21.319,14
02 Aragón;Construcción;Valor absoluto;Sueldos y salarios;2008;21.700,22
02 Aragón;Servicios;Valor absoluto;Sueldos y salarios;2020;20.725,02
02 Aragón;Servicios;Valor absoluto;Sueldos y salarios;2019;21.221,51
02 Aragón;Servicios;Valor absoluto;Sueldos y salarios;2018;20.299,35
02 Aragón;Servicios;Valor absoluto;Sueldos y salarios;2017;19.999,43
02 Aragón;Servicios;Valor absoluto;Sueldos y salarios;2016;20.243,33
02 Aragón;Servicios;Valor absoluto;Sueldos y salarios;2015;20.840,45
02 Aragón;Servicios;Valor absoluto;Sueldos y salarios;2014;20.268,06
02 Aragón;Servicios;Valor absoluto;Sueldos y salarios;2013;20.445,59
02 Aragón;Servicios;Valor absoluto;Sueldos y salarios;2012;20.348,30
02 Aragón;Servicios;Valor absoluto;Sueldos y salarios;2011;20.574,78
02 Aragón;Servicios;Valor absoluto;Sueldos y salarios;2010;20.857,56
02 Aragón;Servicios;Valor absoluto;Sueldos y salarios;2009;21.085,49
02 Aragón;Servicios;Valor absoluto;Sueldos y salarios;2008;20.408,59
03 Asturias, Principado de;Industria;Valor absoluto;Sueldos y salarios;2020;29.311,34
03 Asturias, Principado de;Industria;Valor absoluto;Sueldos y salarios;2019;31.066,54
03 Asturias, Principado de;Industria;Valor absoluto;Sueldos y salarios;2018;29.893,40
03 Asturias, Principado de;Industria;Valor absoluto;Sueldos y salarios;2017;29.375,81
03 Asturias, Principado de;Industria;Valor absoluto;Sueldos y salarios;2016;31.173,07
03 Asturias, Principado de;Industria;Valor absoluto;Sueldos y salarios;2015;28.914,64
03 Asturias, Principado de;Industria;Valor absoluto;Sueldos y salarios;2014;28.530,16
03 Asturias, Principado de;Industria;Valor absoluto;Sueldos y salarios;2013;28.069,76
03 Asturias, Principado de;Industria;Valor absoluto;Sueldos y salarios;2012;27.112,59
03 Asturias, Principado de;Industria;Valor absoluto;Sueldos y salarios;2011;27.093,53
03 Asturias, Principado de;Industria;Valor absoluto;Sueldos y salarios;2010;26.242,52
03 Asturias, Principado de;Industria;Valor absoluto;Sueldos y salarios;2009;25.623,96
03 Asturias, Principado de;Industria;Valor absoluto;Sueldos y salarios;2008;25.197,56
03 Asturias, Principado de;Construcción;Valor absoluto;Sueldos y salarios;2020;25.291,67
03 Asturias, Principado de;Construcción;Valor absoluto;Sueldos y salarios;2019;25.763,19
03 Asturias, Principado de;Construcción;Valor absoluto;Sueldos y salarios;2018;25.204,61
03 Asturias, Principado de;Construcción;Valor absoluto;Sueldos y salarios;2017;24.716,79
03 Asturias, Principado de;Construcción;Valor absoluto;Sueldos y salarios;2016;24.863,92
03 Asturias, Principado de;Construcción;Valor absoluto;Sueldos y salarios;2015;25.315,76
03 Asturias, Principado de;Construcción;Valor absoluto;Sueldos y salarios;2014;25.523,16
03 Asturias, Principado de;Construcción;Valor absoluto;Sueldos y salarios;2013;23.779,08
03 Asturias, Principado de;Construcción;Valor absoluto;Sueldos y salarios;2012;23.958,95
03 Asturias, Principado de;Construcción;Valor absoluto;Sueldos y salarios;2011;23.515,24
03 Asturias, Principado de;Construcción;Valor absoluto;Sueldos y salarios;2010;25.066,43
03 Asturias, Principado de;Construcción;Valor absoluto;Sueldos y salarios;2009;24.378,91
03 Asturias, Principado de;Construcción;Valor absoluto;Sueldos y salarios;2008;22.578,18
03 Asturias, Principado de;Servicios;Valor absoluto;Sueldos y salarios;2020;22.363,47
03 Asturias, Principado de;Servicios;Valor absoluto;Sueldos y salarios;2019;22.478,83
03 Asturias, Principado de;Servicios;Valor absoluto;Sueldos y salarios;2018;21.858,50
03 Asturias, Principado de;Servicios;Valor absoluto;Sueldos y salarios;2017;21.971,45
03 Asturias, Principado de;Servicios;Valor absoluto;Sueldos y salarios;2016;21.199,17
03 Asturias, Principado de;Servicios;Valor absoluto;Sueldos y salarios;2015;20.730,81
03 Asturias, Principado de;Servicios;Valor absoluto;Sueldos y salarios;2014;20.528,72
03 Asturias, Principado de;Servicios;Valor absoluto;Sueldos y salarios;2013;20.763,19
03 Asturias, Principado de;Servicios;Valor absoluto;Sueldos y salarios;2012;20.468,17
03 Asturias, Principado de;Servicios;Valor absoluto;Sueldos y salarios;2011;21.147,30
03 Asturias, Principado de;Servicios;Valor absoluto;Sueldos y salarios;2010;21.246,38
03 Asturias, Principado de;Servicios;Valor absoluto;Sueldos y salarios;2009;21.049,75
03 Asturias, Principado de;Servicios;Valor absoluto;Sueldos y salarios;2008;19.992,17
04 Balears, Illes;Industria;Valor absoluto;Sueldos y salarios;2020;22.034,59
04 Balears, Illes;Industria;Valor absoluto;Sueldos y salarios;2019;23.597,61
04 Balears, Illes;Industria;Valor absoluto;Sueldos y salarios;2018;23.122,97
04 Balears, Illes;Industria;Valor absoluto;Sueldos y salarios;2017;23.028,71
04 Balears, Illes;Industria;Valor absoluto;Sueldos y salarios;2016;22.103,04
04 Balears, Illes;Industria;Valor absoluto;Sueldos y salarios;2015;22.923,41
04 Balears, Illes;Industria;Valor absoluto;Sueldos y salarios;2014;24.401,04
04 Balears, Illes;Industria;Valor absoluto;Sueldos y salarios;2013;23.359,73
04 Balears, Illes;Industria;Valor absoluto;Sueldos y salarios;2012;23.723,08
04 Balears, Illes;Industria;Valor absoluto;Sueldos y salarios;2011;23.819,01
04 Balears, Illes;Industria;Valor absoluto;Sueldos y salarios;2010;22.767,14
04 Balears, Illes;Industria;Valor absoluto;Sueldos y salarios;2009;22.328,03
04 Balears, Illes;Industria;Valor absoluto;Sueldos y salarios;2008;20.777,61
04 Balears, Illes;Construcción;Valor absoluto;Sueldos y salarios;2020;20.887,75
04 Balears, Illes;Construcción;Valor absoluto;Sueldos y salarios;2019;22.022,86
04 Balears, Illes;Construcción;Valor absoluto;Sueldos y salarios;2018;21.153,76
04 Balears, Illes;Construcción;Valor absoluto;Sueldos y salarios;2017;20.110,99
04 Balears, Illes;Construcción;Valor absoluto;Sueldos y salarios;2016;19.459,59
04 Balears, Illes;Construcción;Valor absoluto;Sueldos y salarios;2015;19.453,68
04 Balears, Illes;Construcción;Valor absoluto;Sueldos y salarios;2014;20.253,96
04 Balears, Illes;Construcción;Valor absoluto;Sueldos y salarios;2013;19.642,29
04 Balears, Illes;Construcción;Valor absoluto;Sueldos y salarios;2012;19.877,89
04 Balears, Illes;Construcción;Valor absoluto;Sueldos y salarios;2011;19.760,37
04 Balears, Illes;Construcción;Valor absoluto;Sueldos y salarios;2010;19.894,86
04 Balears, Illes;Construcción;Valor absoluto;Sueldos y salarios;2009;18.403,77
04 Balears, Illes;Construcción;Valor absoluto;Sueldos y salarios;2008;18.525,01
04 Balears, Illes;Servicios;Valor absoluto;Sueldos y salarios;2020;19.593,25
04 Balears, Illes;Servicios;Valor absoluto;Sueldos y salarios;2019;22.485,20
04 Balears, Illes;Servicios;Valor absoluto;Sueldos y salarios;2018;22.482,52
04 Balears, Illes;Servicios;Valor absoluto;Sueldos y salarios;2017;21.736,54
04 Balears, Illes;Servicios;Valor absoluto;Sueldos y salarios;2016;21.213,16
04 Balears, Illes;Servicios;Valor absoluto;Sueldos y salarios;2015;21.486,44
04 Balears, Illes;Servicios;Valor absoluto;Sueldos y salarios;2014;20.843,57
04 Balears, Illes;Servicios;Valor absoluto;Sueldos y salarios;2013;20.746,72
04 Balears, Illes;Servicios;Valor absoluto;Sueldos y salarios;2012;20.823,38
04 Balears, Illes;Servicios;Valor absoluto;Sueldos y salarios;2011;21.225,84
04 Balears, Illes;Servicios;Valor absoluto;Sueldos y salarios;2010;21.293,71
04 Balears, Illes;Servicios;Valor absoluto;Sueldos y salarios;2009;21.335,33
04 Balears, Illes;Servicios;Valor absoluto;Sueldos y salarios;2008;20.675,21
05 Canarias;Industria;Valor absoluto;Sueldos y salarios;2020;21.323,83
05 Canarias;Industria;Valor absoluto;Sueldos y salarios;2019;21.906,42
05 Canarias;Industria;Valor absoluto;Sueldos y salarios;2018;21.904,65
05 Canarias;Industria;Valor absoluto;Sueldos y salarios;2017;21.620,52
05 Canarias;Industria;Valor absoluto;Sueldos y salarios;2016;21.713,33
05 Canarias;Industria;Valor absoluto;Sueldos y salarios;2015;21.648,87
05 Canarias;Industria;Valor absoluto;Sueldos y salarios;2014;21.180,16
05 Canarias;Industria;Valor absoluto;Sueldos y salarios;2013;21.961,98
05 Canarias;Industria;Valor absoluto;Sueldos y salarios;2012;21.325,53
05 Canarias;Industria;Valor absoluto;Sueldos y salarios;2011;21.464,70
05 Canarias;Industria;Valor absoluto;Sueldos y salarios;2010;20.510,08
05 Canarias;Industria;Valor absoluto;Sueldos y salarios;2009;20.341,99
05 Canarias;Industria;Valor absoluto;Sueldos y salarios;2008;19.520,94
05 Canarias;Construcción;Valor absoluto;Sueldos y salarios;2020;19.027,04
05 Canarias;Construcción;Valor absoluto;Sueldos y salarios;2019;20.311,01
05 Canarias;Construcción;Valor absoluto;Sueldos y salarios;2018;19.374,72
05 Canarias;Construcción;Valor absoluto;Sueldos y salarios;2017;18.924,70
05 Canarias;Construcción;Valor absoluto;Sueldos y salarios;2016;18.902,30
05 Canarias;Construcción;Valor absoluto;Sueldos y salarios;2015;18.422,19
05 Canarias;Construcción;Valor absoluto;Sueldos y salarios;2014;18.971,52
05 Canarias;Construcción;Valor absoluto;Sueldos y salarios;2013;17.256,45
05 Canarias;Construcción;Valor absoluto;Sueldos y salarios;2012;17.577,84
05 Canarias;Construcción;Valor absoluto;Sueldos y salarios;2011;17.667,60
05 Canarias;Construcción;Valor absoluto;Sueldos y salarios;2010;17.329,39
05 Canarias;Construcción;Valor absoluto;Sueldos y salarios;2009;17.520,05
05 Canarias;Construcción;Valor absoluto;Sueldos y salarios;2008;16.775,18
05 Canarias;Servicios;Valor absoluto;Sueldos y salarios;2020;16.941,19
05 Canarias;Servicios;Valor absoluto;Sueldos y salarios;2019;19.562,23
05 Canarias;Servicios;Valor absoluto;Sueldos y salarios;2018;19.361,08
05 Canarias;Servicios;Valor absoluto;Sueldos y salarios;2017;19.013,95
05 Canarias;Servicios;Valor absoluto;Sueldos y salarios;2016;18.932,67
05 Canarias;Servicios;Valor absoluto;Sueldos y salarios;2015;19.225,13
05 Canarias;Servicios;Valor absoluto;Sueldos y salarios;2014;18.650,29
05 Canarias;Servicios;Valor absoluto;Sueldos y salarios;2013;18.499,38
05 Canarias;Servicios;Valor absoluto;Sueldos y salarios;2012;18.552,06
05 Canarias;Servicios;Valor absoluto;Sueldos y salarios;2011;18.794,63
05 Canarias;Servicios;Valor absoluto;Sueldos y salarios;2010;18.654,74
05 Canarias;Servicios;Valor absoluto;Sueldos y salarios;2009;18.844,79
05 Canarias;Servicios;Valor absoluto;Sueldos y salarios;2008;18.474,07
06 Cantabria;Industria;Valor absoluto;Sueldos y salarios;2020;26.209,79
06 Cantabria;Industria;Valor absoluto;Sueldos y salarios;2019;27.196,61
06 Cantabria;Industria;Valor absoluto;Sueldos y salarios;2018;26.921,70
06 Cantabria;Industria;Valor absoluto;Sueldos y salarios;2017;27.299,51
06 Cantabria;Industria;Valor absoluto;Sueldos y salarios;2016;26.783,61
06 Cantabria;Industria;Valor absoluto;Sueldos y salarios;2015;26.824,66
06 Cantabria;Industria;Valor absoluto;Sueldos y salarios;2014;26.500,00
06 Cantabria;Industria;Valor absoluto;Sueldos y salarios;2013;25.225,02
06 Cantabria;Industria;Valor absoluto;Sueldos y salarios;2012;25.180,36
06 Cantabria;Industria;Valor absoluto;Sueldos y salarios;2011;24.799,57
06 Cantabria;Industria;Valor absoluto;Sueldos y salarios;2010;24.142,28
06 Cantabria;Industria;Valor absoluto;Sueldos y salarios;2009;23.776,47
06 Cantabria;Industria;Valor absoluto;Sueldos y salarios;2008;23.956,95
06 Cantabria;Construcción;Valor absoluto;Sueldos y salarios;2020;21.510,73
06 Cantabria;Construcción;Valor absoluto;Sueldos y salarios;2019;22.676,41
06 Cantabria;Construcción;Valor absoluto;Sueldos y salarios;2018;21.245,41
06 Cantabria;Construcción;Valor absoluto;Sueldos y salarios;2017;20.167,43
06 Cantabria;Construcción;Valor absoluto;Sueldos y salarios;2016;20.448,70
06 Cantabria;Construcción;Valor absoluto;Sueldos y salarios;2015;21.309,93
06 Cantabria;Construcción;Valor absoluto;Sueldos y salarios;2014;21.083,13
06 Cantabria;Construcción;Valor absoluto;Sueldos y salarios;2013;21.121,05
06 Cantabria;Construcción;Valor absoluto;Sueldos y salarios;2012;20.566,34
06 Cantabria;Construcción;Valor absoluto;Sueldos y salarios;2011;21.311,97
06 Cantabria;Construcción;Valor absoluto;Sueldos y salarios;2010;21.046,74
06 Cantabria;Construcción;Valor absoluto;Sueldos y salarios;2009;20.529,12
06 Cantabria;Construcción;Valor absoluto;Sueldos y salarios;2008;19.913,40
06 Cantabria;Servicios;Valor absoluto;Sueldos y salarios;2020;20.975,65
06 Cantabria;Servicios;Valor absoluto;Sueldos y salarios;2019;21.464,65
06 Cantabria;Servicios;Valor absoluto;Sueldos y salarios;2018;20.978,21
06 Cantabria;Servicios;Valor absoluto;Sueldos y salarios;2017;20.485,18
06 Cantabria;Servicios;Valor absoluto;Sueldos y salarios;2016;20.566,46
06 Cantabria;Servicios;Valor absoluto;Sueldos y salarios;2015;19.355,25
06 Cantabria;Servicios;Valor absoluto;Sueldos y salarios;2014;19.303,09
06 Cantabria;Servicios;Valor absoluto;Sueldos y salarios;2013;18.739,10
06 Cantabria;Servicios;Valor absoluto;Sueldos y salarios;2012;18.879,65
06 Cantabria;Servicios;Valor absoluto;Sueldos y salarios;2011;19.715,48
06 Cantabria;Servicios;Valor absoluto;Sueldos y salarios;2010;19.699,32
06 Cantabria;Servicios;Valor absoluto;Sueldos y salarios;2009;19.634,83
06 Cantabria;Servicios;Valor absoluto;Sueldos y salarios;2008;19.074,72
07 Castilla y León;Industria;Valor absoluto;Sueldos y salarios;2020;24.855,59
07 Castilla y León;Industria;Valor absoluto;Sueldos y salarios;2019;25.456,58
07 Castilla y León;Industria;Valor absoluto;Sueldos y salarios;2018;24.797,12
07 Castilla y León;Industria;Valor absoluto;Sueldos y salarios;2017;24.876,43
07 Castilla y León;Industria;Valor absoluto;Sueldos y salarios;2016;24.927,45
07 Castilla y León;Industria;Valor absoluto;Sueldos y salarios;2015;24.659,94
07 Castilla y León;Industria;Valor absoluto;Sueldos y salarios;2014;24.682,62
07 Castilla y León;Industria;Valor absoluto;Sueldos y salarios;2013;23.950,47
07 Castilla y León;Industria;Valor absoluto;Sueldos y salarios;2012;24.112,34
07 Castilla y León;Industria;Valor absoluto;Sueldos y salarios;2011;24.229,82
07 Castilla y León;Industria;Valor absoluto;Sueldos y salarios;2010;23.555,35
07 Castilla y León;Industria;Valor absoluto;Sueldos y salarios;2009;22.644,30
07 Castilla y León;Industria;Valor absoluto;Sueldos y salarios;2008;22.390,24
07 Castilla y León;Construcción;Valor absoluto;Sueldos y salarios;2020;21.697,84
07 Castilla y León;Construcción;Valor absoluto;Sueldos y salarios;2019;21.727,93
07 Castilla y León;Construcción;Valor absoluto;Sueldos y salarios;2018;21.358,49
07 Castilla y León;Construcción;Valor absoluto;Sueldos y salarios;2017;19.944,72
07 Castilla y León;Construcción;Valor absoluto;Sueldos y salarios;2016;20.142,96
07 Castilla y León;Construcción;Valor absoluto;Sueldos y salarios;2015;20.865,72
07 Castilla y León;Construcción;Valor absoluto;Sueldos y salarios;2014;19.740,36
07 Castilla y León;Construcción;Valor absoluto;Sueldos y salarios;2013;19.984,23
07 Castilla y León;Construcción;Valor absoluto;Sueldos y salarios;2012;20.160,69
07 Castilla y León;Construcción;Valor absoluto;Sueldos y salarios;2011;19.851,10
07 Castilla y León;Construcción;Valor absoluto;Sueldos y salarios;2010;19.132,34
07 Castilla y León;Construcción;Valor absoluto;Sueldos y salarios;2009;19.952,31
07 Castilla y León;Construcción;Valor absoluto;Sueldos y salarios;2008;18.460,36
07 Castilla y León;Servicios;Valor absoluto;Sueldos y salarios;2020;19.840,38
07 Castilla y León;Servicios;Valor absoluto;Sueldos y salarios;2019;19.845,97
07 Castilla y León;Servicios;Valor absoluto;Sueldos y salarios;2018;19.498,46
07 Castilla y León;Servicios;Valor absoluto;Sueldos y salarios;2017;19.260,80
07 Castilla y León;Servicios;Valor absoluto;Sueldos y salarios;2016;19.555,16
07 Castilla y León;Servicios;Valor absoluto;Sueldos y salarios;2015;19.537,60
07 Castilla y León;Servicios;Valor absoluto;Sueldos y salarios;2014;18.909,83
07 Castilla y León;Servicios;Valor absoluto;Sueldos y salarios;2013;19.148,32
07 Castilla y León;Servicios;Valor absoluto;Sueldos y salarios;2012;19.580,18
07 Castilla y León;Servicios;Valor absoluto;Sueldos y salarios;2011;20.140,76
07 Castilla y León;Servicios;Valor absoluto;Sueldos y salarios;2010;20.121,06
07 Castilla y León;Servicios;Valor absoluto;Sueldos y salarios;2009;20.145,64
07 Castilla y León;Servicios;Valor absoluto;Sueldos y salarios;2008;19.380,63
08 Castilla - La Mancha;Industria;Valor absoluto;Sueldos y salarios;2020;22.914,28
08 Castilla - La Mancha;Industria;Valor absoluto;Sueldos y salarios;2019;23.396,92
08 Castilla - La Mancha;Industria;Valor absoluto;Sueldos y salarios;2018;23.460,37
08 Castilla - La Mancha;Industria;Valor absoluto;Sueldos y salarios;2017;23.024,82
08 Castilla - La Mancha;Industria;Valor absoluto;Sueldos y salarios;2016;22.756,74
08 Castilla - La Mancha;Industria;Valor absoluto;Sueldos y salarios;2015;22.927,86
08 Castilla - La Mancha;Industria;Valor absoluto;Sueldos y salarios;2014;22.870,30
08 Castilla - La Mancha;Industria;Valor absoluto;Sueldos y salarios;2013;22.605,33
08 Castilla - La Mancha;Industria;Valor absoluto;Sueldos y salarios;2012;22.318,25
08 Castilla - La Mancha;Industria;Valor absoluto;Sueldos y salarios;2011;22.011,92
08 Castilla - La Mancha;Industria;Valor absoluto;Sueldos y salarios;2010;21.372,70
08 Castilla - La Mancha;Industria;Valor absoluto;Sueldos y salarios;2009;20.575,40
08 Castilla - La Mancha;Industria;Valor absoluto;Sueldos y salarios;2008;19.531,00
08 Castilla - La Mancha;Construcción;Valor absoluto;Sueldos y salarios;2020;18.916,16
08 Castilla - La Mancha;Construcción;Valor absoluto;Sueldos y salarios;2019;19.644,88
08 Castilla - La Mancha;Construcción;Valor absoluto;Sueldos y salarios;2018;19.581,21
08 Castilla - La Mancha;Construcción;Valor absoluto;Sueldos y salarios;2017;18.453,50
08 Castilla - La Mancha;Construcción;Valor absoluto;Sueldos y salarios;2016;18.105,69
08 Castilla - La Mancha;Construcción;Valor absoluto;Sueldos y salarios;2015;18.739,17
08 Castilla - La Mancha;Construcción;Valor absoluto;Sueldos y salarios;2014;18.238,81
08 Castilla - La Mancha;Construcción;Valor absoluto;Sueldos y salarios;2013;20.078,13
08 Castilla - La Mancha;Construcción;Valor absoluto;Sueldos y salarios;2012;19.500,24
08 Castilla - La Mancha;Construcción;Valor absoluto;Sueldos y salarios;2011;19.590,89
08 Castilla - La Mancha;Construcción;Valor absoluto;Sueldos y salarios;2010;19.190,88
08 Castilla - La Mancha;Construcción;Valor absoluto;Sueldos y salarios;2009;18.441,25
08 Castilla - La Mancha;Construcción;Valor absoluto;Sueldos y salarios;2008;17.659,59
08 Castilla - La Mancha;Servicios;Valor absoluto;Sueldos y salarios;2020;19.866,72
08 Castilla - La Mancha;Servicios;Valor absoluto;Sueldos y salarios;2019;19.721,04
08 Castilla - La Mancha;Servicios;Valor absoluto;Sueldos y salarios;2018;19.299,63
08 Castilla - La Mancha;Servicios;Valor absoluto;Sueldos y salarios;2017;19.909,94
08 Castilla - La Mancha;Servicios;Valor absoluto;Sueldos y salarios;2016;19.517,72
08 Castilla - La Mancha;Servicios;Valor absoluto;Sueldos y salarios;2015;19.285,12
08 Castilla - La Mancha;Servicios;Valor absoluto;Sueldos y salarios;2014;20.367,13
08 Castilla - La Mancha;Servicios;Valor absoluto;Sueldos y salarios;2013;20.110,03
08 Castilla - La Mancha;Servicios;Valor absoluto;Sueldos y salarios;2012;20.109,05
08 Castilla - La Mancha;Servicios;Valor absoluto;Sueldos y salarios;2011;20.291,21
08 Castilla - La Mancha;Servicios;Valor absoluto;Sueldos y salarios;2010;19.766,91
08 Castilla - La Mancha;Servicios;Valor absoluto;Sueldos y salarios;2009;20.172,97
08 Castilla - La Mancha;Servicios;Valor absoluto;Sueldos y salarios;2008;19.377,43
09 Cataluña;Industria;Valor absoluto;Sueldos y salarios;2020;28.665,60
09 Cataluña;Industria;Valor absoluto;Sueldos y salarios;2019;30.532,07
09 Cataluña;Industria;Valor absoluto;Sueldos y salarios;2018;30.298,98
09 Cataluña;Industria;Valor absoluto;Sueldos y salarios;2017;30.222,41
09 Cataluña;Industria;Valor absoluto;Sueldos y salarios;2016;30.133,81
09 Cataluña;Industria;Valor absoluto;Sueldos y salarios;2015;30.280,86
09 Cataluña;Industria;Valor absoluto;Sueldos y salarios;2014;29.773,52
09 Cataluña;Industria;Valor absoluto;Sueldos y salarios;2013;29.253,83
09 Cataluña;Industria;Valor absoluto;Sueldos y salarios;2012;28.898,89
09 Cataluña;Industria;Valor absoluto;Sueldos y salarios;2011;28.365,68
09 Cataluña;Industria;Valor absoluto;Sueldos y salarios;2010;27.477,59
09 Cataluña;Industria;Valor absoluto;Sueldos y salarios;2009;26.895,20
09 Cataluña;Industria;Valor absoluto;Sueldos y salarios;2008;26.166,35
09 Cataluña;Construcción;Valor absoluto;Sueldos y salarios;2020;25.215,47
09 Cataluña;Construcción;Valor absoluto;Sueldos y salarios;2019;24.287,88
09 Cataluña;Construcción;Valor absoluto;Sueldos y salarios;2018;23.726,72
09 Cataluña;Construcción;Valor absoluto;Sueldos y salarios;2017;23.774,90
09 Cataluña;Construcción;Valor absoluto;Sueldos y salarios;2016;24.060,01
09 Cataluña;Construcción;Valor absoluto;Sueldos y salarios;2015;23.519,68
09 Cataluña;Construcción;Valor absoluto;Sueldos y salarios;2014;24.569,96
09 Cataluña;Construcción;Valor absoluto;Sueldos y salarios;2013;25.059,41
09 Cataluña;Construcción;Valor absoluto;Sueldos y salarios;2012;24.584,38
09 Cataluña;Construcción;Valor absoluto;Sueldos y salarios;2011;24.096,49
09 Cataluña;Construcción;Valor absoluto;Sueldos y salarios;2010;23.446,83
09 Cataluña;Construcción;Valor absoluto;Sueldos y salarios;2009;24.187,80
09 Cataluña;Construcción;Valor absoluto;Sueldos y salarios;2008;22.768,68
09 Cataluña;Servicios;Valor absoluto;Sueldos y salarios;2020;23.037,17
09 Cataluña;Servicios;Valor absoluto;Sueldos y salarios;2019;24.096,54
09 Cataluña;Servicios;Valor absoluto;Sueldos y salarios;2018;23.463,18
09 Cataluña;Servicios;Valor absoluto;Sueldos y salarios;2017;22.869,36
09 Cataluña;Servicios;Valor absoluto;Sueldos y salarios;2016;22.939,27
09 Cataluña;Servicios;Valor absoluto;Sueldos y salarios;2015;22.930,46
09 Cataluña;Servicios;Valor absoluto;Sueldos y salarios;2014;22.495,67
09 Cataluña;Servicios;Valor absoluto;Sueldos y salarios;2013;23.121,55
09 Cataluña;Servicios;Valor absoluto;Sueldos y salarios;2012;23.374,29
09 Cataluña;Servicios;Valor absoluto;Sueldos y salarios;2011;23.576,24
09 Cataluña;Servicios;Valor absoluto;Sueldos y salarios;2010;23.419,79
09 Cataluña;Servicios;Valor absoluto;Sueldos y salarios;2009;22.950,50
09 Cataluña;Servicios;Valor absoluto;Sueldos y salarios;2008;22.644,74
10 Comunitat Valenciana;Industria;Valor absoluto;Sueldos y salarios;2020;22.767,14
10 Comunitat Valenciana;Industria;Valor absoluto;Sueldos y salarios;2019;23.572,24
10 Comunitat Valenciana;Industria;Valor absoluto;Sueldos y salarios;2018;22.981,21
10 Comunitat Valenciana;Industria;Valor absoluto;Sueldos y salarios;2017;23.045,55
10 Comunitat Valenciana;Industria;Valor absoluto;Sueldos y salarios;2016;22.599,81
10 Comunitat Valenciana;Industria;Valor absoluto;Sueldos y salarios;2015;22.720,52
10 Comunitat Valenciana;Industria;Valor absoluto;Sueldos y salarios;2014;22.854,88
10 Comunitat Valenciana;Industria;Valor absoluto;Sueldos y salarios;2013;22.365,25
10 Comunitat Valenciana;Industria;Valor absoluto;Sueldos y salarios;2012;22.123,79
10 Comunitat Valenciana;Industria;Valor absoluto;Sueldos y salarios;2011;22.147,24
10 Comunitat Valenciana;Industria;Valor absoluto;Sueldos y salarios;2010;21.455,48
10 Comunitat Valenciana;Industria;Valor absoluto;Sueldos y salarios;2009;20.905,98
10 Comunitat Valenciana;Industria;Valor absoluto;Sueldos y salarios;2008;20.293,72
10 Comunitat Valenciana;Construcción;Valor absoluto;Sueldos y salarios;2020;20.125,33
10 Comunitat Valenciana;Construcción;Valor absoluto;Sueldos y salarios;2019;20.514,24
10 Comunitat Valenciana;Construcción;Valor absoluto;Sueldos y salarios;2018;20.552,00
10 Comunitat Valenciana;Construcción;Valor absoluto;Sueldos y salarios;2017;19.993,90
10 Comunitat Valenciana;Construcción;Valor absoluto;Sueldos y salarios;2016;19.932,15
10 Comunitat Valenciana;Construcción;Valor absoluto;Sueldos y salarios;2015;22.265,55
10 Comunitat Valenciana;Construcción;Valor absoluto;Sueldos y salarios;2014;21.474,23
10 Comunitat Valenciana;Construcción;Valor absoluto;Sueldos y salarios;2013;20.547,86
10 Comunitat Valenciana;Construcción;Valor absoluto;Sueldos y salarios;2012;21.249,23
10 Comunitat Valenciana;Construcción;Valor absoluto;Sueldos y salarios;2011;20.354,91
10 Comunitat Valenciana;Construcción;Valor absoluto;Sueldos y salarios;2010;19.923,92
10 Comunitat Valenciana;Construcción;Valor absoluto;Sueldos y salarios;2009;20.130,95
10 Comunitat Valenciana;Construcción;Valor absoluto;Sueldos y salarios;2008;18.301,89
10 Comunitat Valenciana;Servicios;Valor absoluto;Sueldos y salarios;2020;19.613,19
10 Comunitat Valenciana;Servicios;Valor absoluto;Sueldos y salarios;2019;20.133,40
10 Comunitat Valenciana;Servicios;Valor absoluto;Sueldos y salarios;2018;19.861,78
10 Comunitat Valenciana;Servicios;Valor absoluto;Sueldos y salarios;2017;19.953,32
10 Comunitat Valenciana;Servicios;Valor absoluto;Sueldos y salarios;2016;19.632,17
10 Comunitat Valenciana;Servicios;Valor absoluto;Sueldos y salarios;2015;19.172,20
10 Comunitat Valenciana;Servicios;Valor absoluto;Sueldos y salarios;2014;19.034,49
10 Comunitat Valenciana;Servicios;Valor absoluto;Sueldos y salarios;2013;19.527,45
10 Comunitat Valenciana;Servicios;Valor absoluto;Sueldos y salarios;2012;19.868,69
10 Comunitat Valenciana;Servicios;Valor absoluto;Sueldos y salarios;2011;19.958,34
10 Comunitat Valenciana;Servicios;Valor absoluto;Sueldos y salarios;2010;19.764,37
10 Comunitat Valenciana;Servicios;Valor absoluto;Sueldos y salarios;2009;19.567,27
10 Comunitat Valenciana;Servicios;Valor absoluto;Sueldos y salarios;2008;19.159,85
11 Extremadura;Industria;Valor absoluto;Sueldos y salarios;2020;21.501,88
11 Extremadura;Industria;Valor absoluto;Sueldos y salarios;2019;21.284,75
11 Extremadura;Industria;Valor absoluto;Sueldos y salarios;2018;20.919,24
11 Extremadura;Industria;Valor absoluto;Sueldos y salarios;2017;20.637,58
11 Extremadura;Industria;Valor absoluto;Sueldos y salarios;2016;20.256,89
11 Extremadura;Industria;Valor absoluto;Sueldos y salarios;2015;20.542,20
11 Extremadura;Industria;Valor absoluto;Sueldos y salarios;2014;20.420,46
11 Extremadura;Industria;Valor absoluto;Sueldos y salarios;2013;20.634,34
11 Extremadura;Industria;Valor absoluto;Sueldos y salarios;2012;20.929,85
11 Extremadura;Industria;Valor absoluto;Sueldos y salarios;2011;20.267,59
11 Extremadura;Industria;Valor absoluto;Sueldos y salarios;2010;19.253,39
11 Extremadura;Industria;Valor absoluto;Sueldos y salarios;2009;18.848,85
11 Extremadura;Industria;Valor absoluto;Sueldos y salarios;2008;18.757,25
11 Extremadura;Construcción;Valor absoluto;Sueldos y salarios;2020;18.615,83
11 Extremadura;Construcción;Valor absoluto;Sueldos y salarios;2019;18.815,29
11 Extremadura;Construcción;Valor absoluto;Sueldos y salarios;2018;18.377,78
11 Extremadura;Construcción;Valor absoluto;Sueldos y salarios;2017;18.288,81
11 Extremadura;Construcción;Valor absoluto;Sueldos y salarios;2016;18.447,02
11 Extremadura;Construcción;Valor absoluto;Sueldos y salarios;2015;18.581,35
11 Extremadura;Construcción;Valor absoluto;Sueldos y salarios;2014;17.940,79
11 Extremadura;Construcción;Valor absoluto;Sueldos y salarios;2013;17.133,75
11 Extremadura;Construcción;Valor absoluto;Sueldos y salarios;2012;17.905,88
11 Extremadura;Construcción;Valor absoluto;Sueldos y salarios;2011;17.794,46
11 Extremadura;Construcción;Valor absoluto;Sueldos y salarios;2010;17.907,27
11 Extremadura;Construcción;Valor absoluto;Sueldos y salarios;2009;16.795,82
11 Extremadura;Construcción;Valor absoluto;Sueldos y salarios;2008;15.877,93
11 Extremadura;Servicios;Valor absoluto;Sueldos y salarios;2020;18.079,56
11 Extremadura;Servicios;Valor absoluto;Sueldos y salarios;2019;18.938,98
11 Extremadura;Servicios;Valor absoluto;Sueldos y salarios;2018;18.390,70
11 Extremadura;Servicios;Valor absoluto;Sueldos y salarios;2017;18.159,29
11 Extremadura;Servicios;Valor absoluto;Sueldos y salarios;2016;18.522,07
11 Extremadura;Servicios;Valor absoluto;Sueldos y salarios;2015;18.562,18
11 Extremadura;Servicios;Valor absoluto;Sueldos y salarios;2014;18.474,17
11 Extremadura;Servicios;Valor absoluto;Sueldos y salarios;2013;18.208,61
11 Extremadura;Servicios;Valor absoluto;Sueldos y salarios;2012;18.944,58
11 Extremadura;Servicios;Valor absoluto;Sueldos y salarios;2011;19.581,04
11 Extremadura;Servicios;Valor absoluto;Sueldos y salarios;2010;19.397,33
11 Extremadura;Servicios;Valor absoluto;Sueldos y salarios;2009;19.197,24
11 Extremadura;Servicios;Valor absoluto;Sueldos y salarios;2008;18.238,98
12 Galicia;Industria;Valor absoluto;Sueldos y salarios;2020;25.219,85
12 Galicia;Industria;Valor absoluto;Sueldos y salarios;2019;25.871,64
12 Galicia;Industria;Valor absoluto;Sueldos y salarios;2018;25.008,11
12 Galicia;Industria;Valor absoluto;Sueldos y salarios;2017;24.047,60
12 Galicia;Industria;Valor absoluto;Sueldos y salarios;2016;23.858,23
12 Galicia;Industria;Valor absoluto;Sueldos y salarios;2015;23.097,33
12 Galicia;Industria;Valor absoluto;Sueldos y salarios;2014;22.872,87
12 Galicia;Industria;Valor absoluto;Sueldos y salarios;2013;22.999,35
12 Galicia;Industria;Valor absoluto;Sueldos y salarios;2012;22.078,26
12 Galicia;Industria;Valor absoluto;Sueldos y salarios;2011;21.895,47
12 Galicia;Industria;Valor absoluto;Sueldos y salarios;2010;21.660,18
12 Galicia;Industria;Valor absoluto;Sueldos y salarios;2009;20.773,40
12 Galicia;Industria;Valor absoluto;Sueldos y salarios;2008;20.293,86
12 Galicia;Construcción;Valor absoluto;Sueldos y salarios;2020;21.840,13
12 Galicia;Construcción;Valor absoluto;Sueldos y salarios;2019;22.525,48
12 Galicia;Construcción;Valor absoluto;Sueldos y salarios;2018;21.166,90
12 Galicia;Construcción;Valor absoluto;Sueldos y salarios;2017;19.853,94
12 Galicia;Construcción;Valor absoluto;Sueldos y salarios;2016;19.402,77
12 Galicia;Construcción;Valor absoluto;Sueldos y salarios;2015;20.184,50
12 Galicia;Construcción;Valor absoluto;Sueldos y salarios;2014;20.319,66
12 Galicia;Construcción;Valor absoluto;Sueldos y salarios;2013;19.679,19
12 Galicia;Construcción;Valor absoluto;Sueldos y salarios;2012;19.765,85
12 Galicia;Construcción;Valor absoluto;Sueldos y salarios;2011;19.519,91
12 Galicia;Construcción;Valor absoluto;Sueldos y salarios;2010;19.883,19
12 Galicia;Construcción;Valor absoluto;Sueldos y salarios;2009;18.713,79
12 Galicia;Construcción;Valor absoluto;Sueldos y salarios;2008;17.805,98
12 Galicia;Servicios;Valor absoluto;Sueldos y salarios;2020;19.743,01
12 Galicia;Servicios;Valor absoluto;Sueldos y salarios;2019;19.917,67
12 Galicia;Servicios;Valor absoluto;Sueldos y salarios;2018;19.297,13
12 Galicia;Servicios;Valor absoluto;Sueldos y salarios;2017;19.389,39
12 Galicia;Servicios;Valor absoluto;Sueldos y salarios;2016;18.928,88
12 Galicia;Servicios;Valor absoluto;Sueldos y salarios;2015;18.962,04
12 Galicia;Servicios;Valor absoluto;Sueldos y salarios;2014;19.063,13
12 Galicia;Servicios;Valor absoluto;Sueldos y salarios;2013;19.095,42
12 Galicia;Servicios;Valor absoluto;Sueldos y salarios;2012;18.717,27
12 Galicia;Servicios;Valor absoluto;Sueldos y salarios;2011;19.627,82
12 Galicia;Servicios;Valor absoluto;Sueldos y salarios;2010;19.534,91
12 Galicia;Servicios;Valor absoluto;Sueldos y salarios;2009;19.140,17
12 Galicia;Servicios;Valor absoluto;Sueldos y salarios;2008;18.454,25
13 Madrid, Comunidad de;Industria;Valor absoluto;Sueldos y salarios;2020;36.292,00
13 Madrid, Comunidad de;Industria;Valor absoluto;Sueldos y salarios;2019;36.024,08
13 Madrid, Comunidad de;Industria;Valor absoluto;Sueldos y salarios;2018;34.955,36
13 Madrid, Comunidad de;Industria;Valor absoluto;Sueldos y salarios;2017;34.802,56
13 Madrid, Comunidad de;Industria;Valor absoluto;Sueldos y salarios;2016;35.147,52
13 Madrid, Comunidad de;Industria;Valor absoluto;Sueldos y salarios;2015;34.165,13
13 Madrid, Comunidad de;Industria;Valor absoluto;Sueldos y salarios;2014;34.841,22
13 Madrid, Comunidad de;Industria;Valor absoluto;Sueldos y salarios;2013;34.423,77
13 Madrid, Comunidad de;Industria;Valor absoluto;Sueldos y salarios;2012;33.245,44
13 Madrid, Comunidad de;Industria;Valor absoluto;Sueldos y salarios;2011;32.441,97
13 Madrid, Comunidad de;Industria;Valor absoluto;Sueldos y salarios;2010;30.869,40
13 Madrid, Comunidad de;Industria;Valor absoluto;Sueldos y salarios;2009;30.068,11
13 Madrid, Comunidad de;Industria;Valor absoluto;Sueldos y salarios;2008;29.442,09
13 Madrid, Comunidad de;Construcción;Valor absoluto;Sueldos y salarios;2020;24.966,09
13 Madrid, Comunidad de;Construcción;Valor absoluto;Sueldos y salarios;2019;25.884,80
13 Madrid, Comunidad de;Construcción;Valor absoluto;Sueldos y salarios;2018;25.709,84
13 Madrid, Comunidad de;Construcción;Valor absoluto;Sueldos y salarios;2017;25.718,08
13 Madrid, Comunidad de;Construcción;Valor absoluto;Sueldos y salarios;2016;26.508,60
13 Madrid, Comunidad de;Construcción;Valor absoluto;Sueldos y salarios;2015;27.576,48
13 Madrid, Comunidad de;Construcción;Valor absoluto;Sueldos y salarios;2014;27.847,59
13 Madrid, Comunidad de;Construcción;Valor absoluto;Sueldos y salarios;2013;26.107,14
13 Madrid, Comunidad de;Construcción;Valor absoluto;Sueldos y salarios;2012;26.314,03
13 Madrid, Comunidad de;Construcción;Valor absoluto;Sueldos y salarios;2011;25.736,44
13 Madrid, Comunidad de;Construcción;Valor absoluto;Sueldos y salarios;2010;24.653,11
13 Madrid, Comunidad de;Construcción;Valor absoluto;Sueldos y salarios;2009;25.467,18
13 Madrid, Comunidad de;Construcción;Valor absoluto;Sueldos y salarios;2008;24.097,08
13 Madrid, Comunidad de;Servicios;Valor absoluto;Sueldos y salarios;2020;27.237,78
13 Madrid, Comunidad de;Servicios;Valor absoluto;Sueldos y salarios;2019;27.493,75
13 Madrid, Comunidad de;Servicios;Valor absoluto;Sueldos y salarios;2018;27.023,90
13 Madrid, Comunidad de;Servicios;Valor absoluto;Sueldos y salarios;2017;26.644,62
13 Madrid, Comunidad de;Servicios;Valor absoluto;Sueldos y salarios;2016;26.657,57
13 Madrid, Comunidad de;Servicios;Valor absoluto;Sueldos y salarios;2015;27.010,19
13 Madrid, Comunidad de;Servicios;Valor absoluto;Sueldos y salarios;2014;26.394,04
13 Madrid, Comunidad de;Servicios;Valor absoluto;Sueldos y salarios;2013;26.184,20
13 Madrid, Comunidad de;Servicios;Valor absoluto;Sueldos y salarios;2012;26.017,31
13 Madrid, Comunidad de;Servicios;Valor absoluto;Sueldos y salarios;2011;25.877,09
13 Madrid, Comunidad de;Servicios;Valor absoluto;Sueldos y salarios;2010;25.718,14
13 Madrid, Comunidad de;Servicios;Valor absoluto;Sueldos y salarios;2009;25.592,77
13 Madrid, Comunidad de;Servicios;Valor absoluto;Sueldos y salarios;2008;24.897,88
14 Murcia, Región de;Industria;Valor absoluto;Sueldos y salarios;2020;22.828,26
14 Murcia, Región de;Industria;Valor absoluto;Sueldos y salarios;2019;23.618,60
14 Murcia, Región de;Industria;Valor absoluto;Sueldos y salarios;2018;23.046,09
14 Murcia, Región de;Industria;Valor absoluto;Sueldos y salarios;2017;22.993,68
14 Murcia, Región de;Industria;Valor absoluto;Sueldos y salarios;2016;22.645,94
14 Murcia, Región de;Industria;Valor absoluto;Sueldos y salarios;2015;22.943,06
14 Murcia, Región de;Industria;Valor absoluto;Sueldos y salarios;2014;22.622,17
14 Murcia, Región de;Industria;Valor absoluto;Sueldos y salarios;2013;22.223,14
14 Murcia, Región de;Industria;Valor absoluto;Sueldos y salarios;2012;21.872,47
14 Murcia, Región de;Industria;Valor absoluto;Sueldos y salarios;2011;22.314,85
14 Murcia, Región de;Industria;Valor absoluto;Sueldos y salarios;2010;21.742,80
14 Murcia, Región de;Industria;Valor absoluto;Sueldos y salarios;2009;20.834,09
14 Murcia, Región de;Industria;Valor absoluto;Sueldos y salarios;2008;20.362,05
14 Murcia, Región de;Construcción;Valor absoluto;Sueldos y salarios;2020;20.119,11
14 Murcia, Región de;Construcción;Valor absoluto;Sueldos y salarios;2019;20.752,37
14 Murcia, Región de;Construcción;Valor absoluto;Sueldos y salarios;2018;19.877,43
14 Murcia, Región de;Construcción;Valor absoluto;Sueldos y salarios;2017;20.064,59
14 Murcia, Región de;Construcción;Valor absoluto;Sueldos y salarios;2016;19.910,50
14 Murcia, Región de;Construcción;Valor absoluto;Sueldos y salarios;2015;19.354,29
14 Murcia, Región de;Construcción;Valor absoluto;Sueldos y salarios;2014;19.950,81
14 Murcia, Región de;Construcción;Valor absoluto;Sueldos y salarios;2013;19.754,26
14 Murcia, Región de;Construcción;Valor absoluto;Sueldos y salarios;2012;19.688,01
14 Murcia, Región de;Construcción;Valor absoluto;Sueldos y salarios;2011;20.384,83
14 Murcia, Región de;Construcción;Valor absoluto;Sueldos y salarios;2010;19.363,38
14 Murcia, Región de;Construcción;Valor absoluto;Sueldos y salarios;2009;19.343,67
14 Murcia, Región de;Construcción;Valor absoluto;Sueldos y salarios;2008;19.464,79
14 Murcia, Región de;Servicios;Valor absoluto;Sueldos y salarios;2020;20.209,94
14 Murcia, Región de;Servicios;Valor absoluto;Sueldos y salarios;2019;19.527,20
14 Murcia, Región de;Servicios;Valor absoluto;Sueldos y salarios;2018;19.569,73
14 Murcia, Región de;Servicios;Valor absoluto;Sueldos y salarios;2017;19.628,06
14 Murcia, Región de;Servicios;Valor absoluto;Sueldos y salarios;2016;20.290,21
14 Murcia, Región de;Servicios;Valor absoluto;Sueldos y salarios;2015;19.846,82
14 Murcia, Región de;Servicios;Valor absoluto;Sueldos y salarios;2014;19.715,46
14 Murcia, Región de;Servicios;Valor absoluto;Sueldos y salarios;2013;19.682,56
14 Murcia, Región de;Servicios;Valor absoluto;Sueldos y salarios;2012;20.010,68
14 Murcia, Región de;Servicios;Valor absoluto;Sueldos y salarios;2011;20.276,26
14 Murcia, Región de;Servicios;Valor absoluto;Sueldos y salarios;2010;20.948,68
14 Murcia, Región de;Servicios;Valor absoluto;Sueldos y salarios;2009;20.309,45
14 Murcia, Región de;Servicios;Valor absoluto;Sueldos y salarios;2008;18.296,94
15 Navarra, Comunidad Foral de;Industria;Valor absoluto;Sueldos y salarios;2020;28.395,93
15 Navarra, Comunidad Foral de;Industria;Valor absoluto;Sueldos y salarios;2019;29.303,55
15 Navarra, Comunidad Foral de;Industria;Valor absoluto;Sueldos y salarios;2018;28.864,56
15 Navarra, Comunidad Foral de;Industria;Valor absoluto;Sueldos y salarios;2017;28.863,82
15 Navarra, Comunidad Foral de;Industria;Valor absoluto;Sueldos y salarios;2016;28.238,60
15 Navarra, Comunidad Foral de;Industria;Valor absoluto;Sueldos y salarios;2015;28.369,38
15 Navarra, Comunidad Foral de;Industria;Valor absoluto;Sueldos y salarios;2014;28.028,07
15 Navarra, Comunidad Foral de;Industria;Valor absoluto;Sueldos y salarios;2013;28.037,53
15 Navarra, Comunidad Foral de;Industria;Valor absoluto;Sueldos y salarios;2012;27.178,68
15 Navarra, Comunidad Foral de;Industria;Valor absoluto;Sueldos y salarios;2011;27.084,32
15 Navarra, Comunidad Foral de;Industria;Valor absoluto;Sueldos y salarios;2010;25.794,26
15 Navarra, Comunidad Foral de;Industria;Valor absoluto;Sueldos y salarios;2009;25.626,65
15 Navarra, Comunidad Foral de;Industria;Valor absoluto;Sueldos y salarios;2008;25.497,52
15 Navarra, Comunidad Foral de;Construcción;Valor absoluto;Sueldos y salarios;2020;24.545,07
15 Navarra, Comunidad Foral de;Construcción;Valor absoluto;Sueldos y salarios;2019;24.659,26
15 Navarra, Comunidad Foral de;Construcción;Valor absoluto;Sueldos y salarios;2018;24.359,35
15 Navarra, Comunidad Foral de;Construcción;Valor absoluto;Sueldos y salarios;2017;24.010,82
15 Navarra, Comunidad Foral de;Construcción;Valor absoluto;Sueldos y salarios;2016;25.205,71
15 Navarra, Comunidad Foral de;Construcción;Valor absoluto;Sueldos y salarios;2015;24.383,52
15 Navarra, Comunidad Foral de;Construcción;Valor absoluto;Sueldos y salarios;2014;23.763,91
15 Navarra, Comunidad Foral de;Construcción;Valor absoluto;Sueldos y salarios;2013;25.047,57
15 Navarra, Comunidad Foral de;Construcción;Valor absoluto;Sueldos y salarios;2012;25.544,10
15 Navarra, Comunidad Foral de;Construcción;Valor absoluto;Sueldos y salarios;2011;26.947,12
15 Navarra, Comunidad Foral de;Construcción;Valor absoluto;Sueldos y salarios;2010;26.691,80
15 Navarra, Comunidad Foral de;Construcción;Valor absoluto;Sueldos y salarios;2009;25.225,84
15 Navarra, Comunidad Foral de;Construcción;Valor absoluto;Sueldos y salarios;2008;23.748,78
15 Navarra, Comunidad Foral de;Servicios;Valor absoluto;Sueldos y salarios;2020;24.106,82
15 Navarra, Comunidad Foral de;Servicios;Valor absoluto;Sueldos y salarios;2019;23.819,52
15 Navarra, Comunidad Foral de;Servicios;Valor absoluto;Sueldos y salarios;2018;23.270,18
15 Navarra, Comunidad Foral de;Servicios;Valor absoluto;Sueldos y salarios;2017;22.632,43
15 Navarra, Comunidad Foral de;Servicios;Valor absoluto;Sueldos y salarios;2016;21.413,12
15 Navarra, Comunidad Foral de;Servicios;Valor absoluto;Sueldos y salarios;2015;21.493,63
15 Navarra, Comunidad Foral de;Servicios;Valor absoluto;Sueldos y salarios;2014;21.781,18
15 Navarra, Comunidad Foral de;Servicios;Valor absoluto;Sueldos y salarios;2013;20.906,62
15 Navarra, Comunidad Foral de;Servicios;Valor absoluto;Sueldos y salarios;2012;21.344,54
15 Navarra, Comunidad Foral de;Servicios;Valor absoluto;Sueldos y salarios;2011;22.136,02
15 Navarra, Comunidad Foral de;Servicios;Valor absoluto;Sueldos y salarios;2010;22.297,30
15 Navarra, Comunidad Foral de;Servicios;Valor absoluto;Sueldos y salarios;2009;21.902,17
15 Navarra, Comunidad Foral de;Servicios;Valor absoluto;Sueldos y salarios;2008;21.589,73
16 País Vasco;Industria;Valor absoluto;Sueldos y salarios;2020;32.366,26
16 País Vasco;Industria;Valor absoluto;Sueldos y salarios;2019;33.172,86
16 País Vasco;Industria;Valor absoluto;Sueldos y salarios;2018;33.054,17
16 País Vasco;Industria;Valor absoluto;Sueldos y salarios;2017;32.641,94
16 País Vasco;Industria;Valor absoluto;Sueldos y salarios;2016;31.747,03
16 País Vasco;Industria;Valor absoluto;Sueldos y salarios;2015;31.516,14
16 País Vasco;Industria;Valor absoluto;Sueldos y salarios;2014;31.281,42
16 País Vasco;Industria;Valor absoluto;Sueldos y salarios;2013;30.880,18
16 País Vasco;Industria;Valor absoluto;Sueldos y salarios;2012;29.862,45
16 País Vasco;Industria;Valor absoluto;Sueldos y salarios;2011;29.721,68
16 País Vasco;Industria;Valor absoluto;Sueldos y salarios;2010;29.205,77
16 País Vasco;Industria;Valor absoluto;Sueldos y salarios;2009;28.332,28
16 País Vasco;Industria;Valor absoluto;Sueldos y salarios;2008;28.472,53
16 País Vasco;Construcción;Valor absoluto;Sueldos y salarios;2020;26.452,78
16 País Vasco;Construcción;Valor absoluto;Sueldos y salarios;2019;26.629,55
16 País Vasco;Construcción;Valor absoluto;Sueldos y salarios;2018;26.981,33
16 País Vasco;Construcción;Valor absoluto;Sueldos y salarios;2017;26.472,39
16 País Vasco;Construcción;Valor absoluto;Sueldos y salarios;2016;26.989,39
16 País Vasco;Construcción;Valor absoluto;Sueldos y salarios;2015;27.091,63
16 País Vasco;Construcción;Valor absoluto;Sueldos y salarios;2014;26.508,87
16 País Vasco;Construcción;Valor absoluto;Sueldos y salarios;2013;25.313,48
16 País Vasco;Construcción;Valor absoluto;Sueldos y salarios;2012;25.198,80
16 País Vasco;Construcción;Valor absoluto;Sueldos y salarios;2011;25.958,70
16 País Vasco;Construcción;Valor absoluto;Sueldos y salarios;2010;25.520,53
16 País Vasco;Construcción;Valor absoluto;Sueldos y salarios;2009;25.335,96
16 País Vasco;Construcción;Valor absoluto;Sueldos y salarios;2008;25.465,18
16 País Vasco;Servicios;Valor absoluto;Sueldos y salarios;2020;25.470,06
16 País Vasco;Servicios;Valor absoluto;Sueldos y salarios;2019;25.905,63
16 País Vasco;Servicios;Valor absoluto;Sueldos y salarios;2018;25.400,59
16 País Vasco;Servicios;Valor absoluto;Sueldos y salarios;2017;24.616,97
16 País Vasco;Servicios;Valor absoluto;Sueldos y salarios;2016;24.870,69
16 País Vasco;Servicios;Valor absoluto;Sueldos y salarios;2015;25.267,17
16 País Vasco;Servicios;Valor absoluto;Sueldos y salarios;2014;25.488,85
16 País Vasco;Servicios;Valor absoluto;Sueldos y salarios;2013;26.041,47
16 País Vasco;Servicios;Valor absoluto;Sueldos y salarios;2012;25.800,99
16 País Vasco;Servicios;Valor absoluto;Sueldos y salarios;2011;25.544,96
16 País Vasco;Servicios;Valor absoluto;Sueldos y salarios;2010;25.639,90
16 País Vasco;Servicios;Valor absoluto;Sueldos y salarios;2009;25.198,77
16 País Vasco;Servicios;Valor absoluto;Sueldos y salarios;2008;23.955,48
17 Rioja, La;Industria;Valor absoluto;Sueldos y salarios;2020;23.344,47
17 Rioja, La;Industria;Valor absoluto;Sueldos y salarios;2019;24.283,75
17 Rioja, La;Industria;Valor absoluto;Sueldos y salarios;2018;24.022,91
17 Rioja, La;Industria;Valor absoluto;Sueldos y salarios;2017;23.905,44
17 Rioja, La;Industria;Valor absoluto;Sueldos y salarios;2016;23.330,81
17 Rioja, La;Industria;Valor absoluto;Sueldos y salarios;2015;23.022,84
17 Rioja, La;Industria;Valor absoluto;Sueldos y salarios;2014;22.451,15
17 Rioja, La;Industria;Valor absoluto;Sueldos y salarios;2013;23.362,22
17 Rioja, La;Industria;Valor absoluto;Sueldos y salarios;2012;23.135,64
17 Rioja, La;Industria;Valor absoluto;Sueldos y salarios;2011;22.424,48
17 Rioja, La;Industria;Valor absoluto;Sueldos y salarios;2010;21.292,42
17 Rioja, La;Industria;Valor absoluto;Sueldos y salarios;2009;21.446,20
17 Rioja, La;Industria;Valor absoluto;Sueldos y salarios;2008;21.717,57
17 Rioja, La;Construcción;Valor absoluto;Sueldos y salarios;2020;21.430,73
17 Rioja, La;Construcción;Valor absoluto;Sueldos y salarios;2019;22.436,66
17 Rioja, La;Construcción;Valor absoluto;Sueldos y salarios;2018;22.421,99
17 Rioja, La;Construcción;Valor absoluto;Sueldos y salarios;2017;22.096,18
17 Rioja, La;Construcción;Valor absoluto;Sueldos y salarios;2016;22.266,49
17 Rioja, La;Construcción;Valor absoluto;Sueldos y salarios;2015;24.054,08
17 Rioja, La;Construcción;Valor absoluto;Sueldos y salarios;2014;23.793,42
17 Rioja, La;Construcción;Valor absoluto;Sueldos y salarios;2013;21.922,73
17 Rioja, La;Construcción;Valor absoluto;Sueldos y salarios;2012;22.862,75
17 Rioja, La;Construcción;Valor absoluto;Sueldos y salarios;2011;23.569,59
17 Rioja, La;Construcción;Valor absoluto;Sueldos y salarios;2010;22.708,05
17 Rioja, La;Construcción;Valor absoluto;Sueldos y salarios;2009;21.991,92
17 Rioja, La;Construcción;Valor absoluto;Sueldos y salarios;2008;20.042,85
17 Rioja, La;Servicios;Valor absoluto;Sueldos y salarios;2020;19.531,01
17 Rioja, La;Servicios;Valor absoluto;Sueldos y salarios;2019;20.046,38
17 Rioja, La;Servicios;Valor absoluto;Sueldos y salarios;2018;19.405,68
17 Rioja, La;Servicios;Valor absoluto;Sueldos y salarios;2017;19.916,73
17 Rioja, La;Servicios;Valor absoluto;Sueldos y salarios;2016;20.032,25
17 Rioja, La;Servicios;Valor absoluto;Sueldos y salarios;2015;20.508,73
17 Rioja, La;Servicios;Valor absoluto;Sueldos y salarios;2014;20.152,64
17 Rioja, La;Servicios;Valor absoluto;Sueldos y salarios;2013;20.317,77
17 Rioja, La;Servicios;Valor absoluto;Sueldos y salarios;2012;19.684,04
17 Rioja, La;Servicios;Valor absoluto;Sueldos y salarios;2011;20.599,53
17 Rioja, La;Servicios;Valor absoluto;Sueldos y salarios;2010;20.877,42
17 Rioja, La;Servicios;Valor absoluto;Sueldos y salarios;2009;20.628,22
17 Rioja, La;Servicios;Valor absoluto;Sueldos y salarios;2008;19.553,69
